{
  "questions": [
    {
      "id": 1,
      "question": "Select the synonym of 'diligent'.",
      "options": {
        "A": "lazy",
        "B": "industrious",
        "C": "apathetic",
        "D": "indifferent"
      },
      "answer": "B"
    },
    {
      "id": 2,
      "question": "Select the synonym of 'abundant'.",
      "options": {
        "A": "scarce",
        "B": "plentiful",
        "C": "meager",
        "D": "limited"
      },
      "answer": "B"
    },
    {
      "id": 3,
      "question": "Select the synonym of 'verbose'.",
      "options": {
        "A": "succinct",
        "B": "brief",
        "C": "wordy",
        "D": "laconic"
      },
      "answer": "C"
    },
    {
      "id": 4,
      "question": "Select the synonym of 'melancholy'.",
      "options": {
        "A": "joyful",
        "B": "happy",
        "C": "sorrowful",
        "D": "excited"
      },
      "answer": "C"
    },
    {
      "id": 5,
      "question": "Select the synonym of 'exemplary'.",
      "options": {
        "A": "commendable",
        "B": "ordinary",
        "C": "mediocre",
        "D": "flawed"
      },
      "answer": "A"
    },
    {
      "id": 6,
      "question": "Select the synonym of 'impartial'.",
      "options": {
        "A": "biased",
        "B": "partial",
        "C": "unfair",
        "D": "unbiased"
      },
      "answer": "D"
    },
    {
      "id": 7,
      "question": "Select the synonym of 'futile'.",
      "options": {
        "A": "productive",
        "B": "effective",
        "C": "useless",
        "D": "beneficial"
      },
      "answer": "C"
    },
    {
      "id": 8,
      "question": "Select the synonym of 'robust'.",
      "options": {
        "A": "fragile",
        "B": "weak",
        "C": "feeble",
        "D": "strong"
      },
      "answer": "D"
    },
    {
      "id": 9,
      "question": "Select the synonym of 'novice'.",
      "options": {
        "A": "expert",
        "B": "veteran",
        "C": "beginner",
        "D": "professional"
      },
      "answer": "C"
    },
    {
      "id": 10,
      "question": "Select the synonym of 'arduous'.",
      "options": {
        "A": "easy",
        "B": "simple",
        "C": "difficult",
        "D": "effortless"
      },
      "answer": "C"
    },
    {
      "id": 11,
      "question": "Select the synonym of 'elaborate'.",
      "options": {
        "A": "plain",
        "B": "detailed",
        "C": "simple",
        "D": "brief"
      },
      "answer": "B"
    },
    {
      "id": 12,
      "question": "Select the synonym of 'prudent'.",
      "options": {
        "A": "reckless",
        "B": "impulsive",
        "C": "wise",
        "D": "foolish"
      },
      "answer": "C"
    },
    {
      "id": 13,
      "question": "Select the synonym of 'coherent'.",
      "options": {
        "A": "confusing",
        "B": "illogical",
        "C": "disorganized",
        "D": "logical"
      },
      "answer": "D"
    },
    {
      "id": 14,
      "question": "Select the synonym of 'tenacious'.",
      "options": {
        "A": "persistent",
        "B": "yielding",
        "C": "fragile",
        "D": "indifferent"
      },
      "answer": "A"
    },
    {
      "id": 15,
      "question": "Select the synonym of 'gregarious'.",
      "options": {
        "A": "shy",
        "B": "sociable",
        "C": "introverted",
        "D": "reserved"
      },
      "answer": "B"
    },
    {
      "id": 16,
      "question": "Select the synonym of 'meticulous'.",
      "options": {
        "A": "careless",
        "B": "sloppy",
        "C": "precise",
        "D": "hasty"
      },
      "answer": "C"
    },
    {
      "id": 17,
      "question": "Select the synonym of 'candid'.",
      "options": {
        "A": "deceitful",
        "B": "honest",
        "C": "insincere",
        "D": "evasive"
      },
      "answer": "B"
    },
    {
      "id": 18,
      "question": "Select the synonym of 'plausible'.",
      "options": {
        "A": "believable",
        "B": "absurd",
        "C": "unrealistic",
        "D": "implausible"
      },
      "answer": "A"
    },
    {
      "id": 19,
      "question": "Select the synonym of 'sparse'.",
      "options": {
        "A": "abundant",
        "B": "dense",
        "C": "scanty",
        "D": "copious"
      },
      "answer": "C"
    },
    {
      "id": 20,
      "question": "Select the synonym of 'venerable'.",
      "options": {
        "A": "disrespected",
        "B": "modern",
        "C": "respected",
        "D": "contemporary"
      },
      "answer": "C"
    },
    {
      "id": 21,
      "question": "Select the antonym of 'obsolete'.",
      "options": {
        "A": "antique",
        "B": "modern",
        "C": "outdated",
        "D": "archaic"
      },
      "answer": "B"
    },
    {
      "id": 22,
      "question": "Select the antonym of 'lucid'.",
      "options": {
        "A": "clear",
        "B": "obscure",
        "C": "transparent",
        "D": "evident"
      },
      "answer": "B"
    },
    {
      "id": 23,
      "question": "Select the antonym of 'conventional'.",
      "options": {
        "A": "traditional",
        "B": "orthodox",
        "C": "unorthodox",
        "D": "standard"
      },
      "answer": "C"
    },
    {
      "id": 24,
      "question": "Select the antonym of 'erratic'.",
      "options": {
        "A": "unpredictable",
        "B": "stable",
        "C": "irregular",
        "D": "capricious"
      },
      "answer": "B"
    },
    {
      "id": 25,
      "question": "Select the antonym of 'inherent'.",
      "options": {
        "A": "intrinsic",
        "B": "essential",
        "C": "extrinsic",
        "D": "innate"
      },
      "answer": "C"
    },
    {
      "id": 26,
      "question": "Select the antonym of 'plausible'.",
      "options": {
        "A": "credible",
        "B": "believable",
        "C": "implausible",
        "D": "convincing"
      },
      "answer": "C"
    },
    {
      "id": 27,
      "question": "Select the antonym of 'vivid'.",
      "options": {
        "A": "bright",
        "B": "vibrant",
        "C": "dull",
        "D": "lively"
      },
      "answer": "C"
    },
    {
      "id": 28,
      "question": "Select the antonym of 'transparent'.",
      "options": {
        "A": "clear",
        "B": "translucent",
        "C": "sheer",
        "D": "opaque"
      },
      "answer": "D"
    },
    {
      "id": 29,
      "question": "Select the antonym of 'amiable'.",
      "options": {
        "A": "friendly",
        "B": "cordial",
        "C": "unfriendly",
        "D": "genial"
      },
      "answer": "C"
    },
    {
      "id": 30,
      "question": "Select the antonym of 'abundant'.",
      "options": {
        "A": "plentiful",
        "B": "ample",
        "C": "scarce",
        "D": "copious"
      },
      "answer": "C"
    },
    {
      "id": 31,
      "question": "Select the antonym of 'superficial'.",
      "options": {
        "A": "shallow",
        "B": "profound",
        "C": "surface",
        "D": "frivolous"
      },
      "answer": "B"
    },
    {
      "id": 32,
      "question": "Select the antonym of 'indigenous'.",
      "options": {
        "A": "native",
        "B": "aboriginal",
        "C": "foreign",
        "D": "local"
      },
      "answer": "C"
    },
    {
      "id": 33,
      "question": "Select the antonym of 'intricate'.",
      "options": {
        "A": "complex",
        "B": "complicated",
        "C": "elaborate",
        "D": "simple"
      },
      "answer": "D"
    },
    {
      "id": 34,
      "question": "Select the antonym of 'prolific'.",
      "options": {
        "A": "productive",
        "B": "fertile",
        "C": "unproductive",
        "D": "fruitful"
      },
      "answer": "C"
    },
    {
      "id": 35,
      "question": "Select the antonym of 'succinct'.",
      "options": {
        "A": "brief",
        "B": "concise",
        "C": "wordy",
        "D": "terse"
      },
      "answer": "C"
    },
    {
      "id": 36,
      "question": "Select the antonym of 'benevolent'.",
      "options": {
        "A": "kind",
        "B": "charitable",
        "C": "malevolent",
        "D": "altruistic"
      },
      "answer": "C"
    },
    {
      "id": 37,
      "question": "Select the antonym of 'arduous'.",
      "options": {
        "A": "difficult",
        "B": "strenuous",
        "C": "easy",
        "D": "laborious"
      },
      "answer": "C"
    },
    {
      "id": 38,
      "question": "Select the antonym of 'transient'.",
      "options": {
        "A": "temporary",
        "B": "fleeting",
        "C": "ephemeral",
        "D": "permanent"
      },
      "answer": "D"
    },
    {
      "id": 39,
      "question": "Select the antonym of 'cursory'.",
      "options": {
        "A": "hasty",
        "B": "thorough",
        "C": "superficial",
        "D": "brief"
      },
      "answer": "B"
    },
    {
      "id": 40,
      "question": "Select the antonym of 'erroneous'.",
      "options": {
        "A": "incorrect",
        "B": "mistaken",
        "C": "accurate",
        "D": "false"
      },
      "answer": "C"
    },
    {
      "id": 41,
      "question": "Which of the following is a complex sentence?",
      "options": {
        "A": "I like tea.",
        "B": "I like tea and coffee.",
        "C": "Although I was tired, I completed the assignment.",
        "D": "She sings."
      },
      "answer": "C"
    },
    {
      "id": 42,
      "question": "Identify the subordinate clause in: 'When the rain stopped, we went out'.",
      "options": {
        "A": "we went out",
        "B": "when the rain stopped",
        "C": "the rain stopped",
        "D": "we"
      },
      "answer": "B"
    },
    {
      "id": 43,
      "question": "Which sentence is a compound sentence?",
      "options": {
        "A": "She laughed because she was happy.",
        "B": "She laughed, and he smiled.",
        "C": "She laughed when she heard the joke.",
        "D": "She laughed softly."
      },
      "answer": "B"
    },
    {
      "id": 44,
      "question": "In the sentence 'If you study, you will pass', what is the dependent clause?",
      "options": {
        "A": "you will pass",
        "B": "if you study",
        "C": "study",
        "D": "you"
      },
      "answer": "B"
    },
    {
      "id": 45,
      "question": "What type of sentence is: 'Close the door, please'?",
      "options": {
        "A": "Declarative",
        "B": "Interrogative",
        "C": "Imperative",
        "D": "Exclamatory"
      },
      "answer": "C"
    },
    {
      "id": 46,
      "question": "Which sentence uses a relative clause?",
      "options": {
        "A": "The book that I bought is interesting.",
        "B": "I bought the book.",
        "C": "The book is interesting.",
        "D": "I bought it yesterday."
      },
      "answer": "A"
    },
    {
      "id": 47,
      "question": "Identify the main clause in: 'Although it was late, we continued working'.",
      "options": {
        "A": "Although it was late",
        "B": "we continued working",
        "C": "it was late",
        "D": "continued working"
      },
      "answer": "B"
    },
    {
      "id": 48,
      "question": "What is a compound-complex sentence?",
      "options": {
        "A": "One independent clause",
        "B": "Two independent clauses and one dependent clause",
        "C": "Two independent clauses",
        "D": "One dependent clause"
      },
      "answer": "B"
    },
    {
      "id": 49,
      "question": "Which sentence is simple?",
      "options": {
        "A": "She danced and sang.",
        "B": "She danced, and she sang.",
        "C": "She danced because she was happy.",
        "D": "She danced and sang while she waited."
      },
      "answer": "A"
    },
    {
      "id": 50,
      "question": "Identify the coordinating conjunction in: 'I wanted to go, but I was too tired.'",
      "options": {
        "A": "to",
        "B": "but",
        "C": "was",
        "D": "I"
      },
      "answer": "B"
    },
    {
      "id": 51,
      "question": "Which word is an adjective in the sentence: 'The tall building collapsed'?",
      "options": {
        "A": "tall",
        "B": "building",
        "C": "collapsed",
        "D": "the"
      },
      "answer": "A"
    },
    {
      "id": 52,
      "question": "Identify the adverb in: 'She quickly finished her homework.'",
      "options": {
        "A": "quickly",
        "B": "finished",
        "C": "her",
        "D": "homework"
      },
      "answer": "A"
    },
    {
      "id": 53,
      "question": "Which of the following is a noun?",
      "options": {
        "A": "run",
        "B": "happy",
        "C": "beauty",
        "D": "quickly"
      },
      "answer": "C"
    },
    {
      "id": 54,
      "question": "Identify the pronoun in: 'They went to the market.'",
      "options": {
        "A": "They",
        "B": "went",
        "C": "market",
        "D": "to"
      },
      "answer": "A"
    },
    {
      "id": 55,
      "question": "Which of the following is a preposition in: 'The cat sat on the mat'?",
      "options": {
        "A": "cat",
        "B": "on",
        "C": "sat",
        "D": "mat"
      },
      "answer": "B"
    },
    {
      "id": 56,
      "question": "Identify the verb in the sentence: 'She sings beautifully.'",
      "options": {
        "A": "sings",
        "B": "beautifully",
        "C": "she",
        "D": "None"
      },
      "answer": "A"
    },
    {
      "id": 57,
      "question": "Which of the following is a conjunction?",
      "options": {
        "A": "and",
        "B": "but",
        "C": "or",
        "D": "all of the above"
      },
      "answer": "D"
    },
    {
      "id": 58,
      "question": "Identify the interjection in: 'Wow, that is amazing!'",
      "options": {
        "A": "that",
        "B": "amazing",
        "C": "Wow",
        "D": "is"
      },
      "answer": "C"
    },
    {
      "id": 59,
      "question": "Which of the following words is a proper noun?",
      "options": {
        "A": "city",
        "B": "London",
        "C": "river",
        "D": "car"
      },
      "answer": "B"
    },
    {
      "id": 60,
      "question": "In the sentence 'He is a teacher', what is the function of 'a'?",
      "options": {
        "A": "article",
        "B": "noun",
        "C": "verb",
        "D": "adjective"
      },
      "answer": "A"
    },
    {
      "id": 61,
      "question": "Select the sentence in the subjunctive mood.",
      "options": {
        "A": "If I were rich, I would travel.",
        "B": "I am rich.",
        "C": "I was rich.",
        "D": "I will be rich."
      },
      "answer": "A"
    },
    {
      "id": 62,
      "question": "Which is the correct simple present form of the verb 'to go' for third person singular?",
      "options": {
        "A": "go",
        "B": "goes",
        "C": "going",
        "D": "went"
      },
      "answer": "B"
    },
    {
      "id": 63,
      "question": "Choose the correct past continuous form: 'She _____ when I called'.",
      "options": {
        "A": "was sleeping",
        "B": "is sleeping",
        "C": "slept",
        "D": "sleep"
      },
      "answer": "A"
    },
    {
      "id": 64,
      "question": "Identify the present perfect form in the following sentence.",
      "options": {
        "A": "She has finished her work.",
        "B": "She finishes her work.",
        "C": "She finished her work.",
        "D": "She is finishing her work."
      },
      "answer": "A"
    },
    {
      "id": 65,
      "question": "Which sentence demonstrates subject-verb agreement?",
      "options": {
        "A": "They runs fast.",
        "B": "They run fast.",
        "C": "He run fast.",
        "D": "She run fast."
      },
      "answer": "B"
    },
    {
      "id": 66,
      "question": "Select the sentence with correct degree of adjective comparison.",
      "options": {
        "A": "This is the more interesting book.",
        "B": "This is the most interesting book.",
        "C": "This is the interestingest book.",
        "D": "This is the interestinger book."
      },
      "answer": "B"
    },
    {
      "id": 67,
      "question": "Which sentence uses a correct question tag?",
      "options": {
        "A": "You're coming, isn't you?",
        "B": "You're coming, isn't it?",
        "C": "You're coming, aren't you?",
        "D": "You're coming, doesn't you?"
      },
      "answer": "C"
    },
    {
      "id": 68,
      "question": "Choose the correct form: 'He _____ (to be) at home last night.'",
      "options": {
        "A": "is",
        "B": "was",
        "C": "were",
        "D": "be"
      },
      "answer": "B"
    },
    {
      "id": 69,
      "question": "Identify the future perfect continuous tense in the following sentence.",
      "options": {
        "A": "By next year, she will have been working here for a decade.",
        "B": "She works here.",
        "C": "She will work here.",
        "D": "She is working here."
      },
      "answer": "A"
    },
    {
      "id": 70,
      "question": "Which sentence shows correct use of a plural noun?",
      "options": {
        "A": "The childs are playing.",
        "B": "The children are playing.",
        "C": "The childrens are playing.",
        "D": "The child are playing."
      },
      "answer": "B"
    },
    {
      "id": 71,
      "question": "Select the sentence with correct pronoun-antecedent agreement.",
      "options": {
        "A": "Every student must hand in their homework.",
        "B": "Every student must hand in his or her homework.",
        "C": "Every student must hand in their homework.",
        "D": "Every student must hand in our homework."
      },
      "answer": "B"
    },
    {
      "id": 72,
      "question": "Which sentence is in the imperative mood?",
      "options": {
        "A": "Please close the door.",
        "B": "I close the door.",
        "C": "She closes the door.",
        "D": "They closed the door."
      },
      "answer": "A"
    },
    {
      "id": 73,
      "question": "Choose the sentence that correctly uses the comparative degree.",
      "options": {
        "A": "He is more tall than his brother.",
        "B": "He is taller than his brother.",
        "C": "He is tall than his brother.",
        "D": "He is tallest than his brother."
      },
      "answer": "B"
    },
    {
      "id": 74,
      "question": "Which sentence is in the future continuous tense?",
      "options": {
        "A": "She will be studying tomorrow.",
        "B": "She is studying tomorrow.",
        "C": "She studies tomorrow.",
        "D": "She studied tomorrow."
      },
      "answer": "A"
    },
    {
      "id": 75,
      "question": "Select the sentence that correctly employs the simple future tense.",
      "options": {
        "A": "They will finish the work tomorrow.",
        "B": "They finish the work tomorrow.",
        "C": "They finished the work tomorrow.",
        "D": "They finishing the work tomorrow."
      },
      "answer": "A"
    },
    {
      "id": 76,
      "question": "Which sentence demonstrates the use of the superlative degree?",
      "options": {
        "A": "This is the most difficult problem.",
        "B": "This is more difficult problem.",
        "C": "This is difficultest problem.",
        "D": "This is most difficult problem."
      },
      "answer": "A"
    },
    {
      "id": 77,
      "question": "Identify the sentence with the correct use of the present continuous tense.",
      "options": {
        "A": "He is running fast.",
        "B": "He run fast.",
        "C": "He runs fast.",
        "D": "He running fast."
      },
      "answer": "A"
    },
    {
      "id": 78,
      "question": "Choose the correct question tag for: 'It is raining, _____?'",
      "options": {
        "A": "is it?",
        "B": "does it?",
        "C": "isn't it?",
        "D": "aren't it?"
      },
      "answer": "C"
    },
    {
      "id": 79,
      "question": "Which sentence correctly uses the present perfect continuous tense?",
      "options": {
        "A": "They have been waiting for an hour.",
        "B": "They waited for an hour.",
        "C": "They are waiting for an hour.",
        "D": "They wait for an hour."
      },
      "answer": "A"
    },
    {
      "id": 80,
      "question": "Select the sentence with correct subject-verb agreement in a compound subject.",
      "options": {
        "A": "Tom and Jerry is funny.",
        "B": "Tom and Jerry are funny.",
        "C": "Tom and Jerry be funny.",
        "D": "Tom and Jerry was funny."
      },
      "answer": "B"
    },
    {
      "id": 81,
      "question": "Choose the correct punctuation: 'Its a beautiful day'",
      "options": {
        "A": "It's a beautiful day",
        "B": "Its' a beautiful day",
        "C": "Its a beautiful day",
        "D": "It is a beautiful day"
      },
      "answer": "A"
    },
    {
      "id": 82,
      "question": "Select the sentence with correct capitalization.",
      "options": {
        "A": "i went to london last summer.",
        "B": "I went to London last summer.",
        "C": "I went to london Last summer.",
        "D": "I went to London last Summer."
      },
      "answer": "B"
    },
    {
      "id": 83,
      "question": "Identify the error in: 'He dont like playing football.'",
      "options": {
        "A": "dont",
        "B": "like",
        "C": "playing",
        "D": "football"
      },
      "answer": "A"
    },
    {
      "id": 84,
      "question": "Which sentence is correctly punctuated?",
      "options": {
        "A": "However I was tired, I went out.",
        "B": "However, I was tired; I went out.",
        "C": "However, I was tired, I went out.",
        "D": "However I was tired; I went out."
      },
      "answer": "C"
    },
    {
      "id": 85,
      "question": "Select the correctly spelled word.",
      "options": {
        "A": "accomodate",
        "B": "accommodate",
        "C": "acommodate",
        "D": "accommadate"
      },
      "answer": "B"
    },
    {
      "id": 86,
      "question": "Identify the figurative expression in the sentence: 'He has a heart of gold.'",
      "options": {
        "A": "literal heart",
        "B": "heart of gold",
        "C": "has a",
        "D": "gold"
      },
      "answer": "B"
    },
    {
      "id": 87,
      "question": "Choose the idiom that means 'to reveal a secret'.",
      "options": {
        "A": "spill the beans",
        "B": "kick the bucket",
        "C": "hit the sack",
        "D": "break the ice"
      },
      "answer": "A"
    },
    {
      "id": 88,
      "question": "Which sentence uses language in an idiomatic manner?",
      "options": {
        "A": "It cost an arm and a leg.",
        "B": "It cost two dollars.",
        "C": "It cost a fortune.",
        "D": "It cost a lot."
      },
      "answer": "A"
    },
    {
      "id": 89,
      "question": "Identify the ordinary usage of the word 'bank' in: 'She sat by the bank of the river.'",
      "options": {
        "A": "financial institution",
        "B": "river bank",
        "C": "both A and B",
        "D": "neither A nor B"
      },
      "answer": "B"
    },
    {
      "id": 90,
      "question": "Select the correct usage of 'affect' or 'effect' in: 'The new law will _____ the economy.'",
      "options": {
        "A": "affect",
        "B": "effect",
        "C": "both A and B",
        "D": "neither A nor B"
      },
      "answer": "A"
    },
    {
      "id": 91,
      "question": "Which sentence correctly uses a colon?",
      "options": {
        "A": "He has three hobbies; reading, writing, and painting.",
        "B": "He has three hobbies: reading, writing, and painting.",
        "C": "He has: three hobbies, reading, writing, and painting.",
        "D": "He has three hobbies, reading, writing, and painting."
      },
      "answer": "B"
    },
    {
      "id": 92,
      "question": "Choose the sentence with correct usage of a semicolon.",
      "options": {
        "A": "She likes tea; and coffee.",
        "B": "She likes tea; she drinks coffee.",
        "C": "She likes tea, she drinks coffee.",
        "D": "She likes tea: she drinks coffee."
      },
      "answer": "B"
    },
    {
      "id": 93,
      "question": "Identify the error: 'Its been a long day.'",
      "options": {
        "A": "Its",
        "B": "been",
        "C": "long",
        "D": "day"
      },
      "answer": "A"
    },
    {
      "id": 94,
      "question": "Which of the following is an idiom for 'in a very short time'?",
      "options": {
        "A": "in the blink of an eye",
        "B": "as slow as molasses",
        "C": "a watched pot never boils",
        "D": "like a snail"
      },
      "answer": "A"
    },
    {
      "id": 95,
      "question": "Select the sentence that correctly uses apostrophes for possession.",
      "options": {
        "A": "The dogs tail is wagging.",
        "B": "The dog's tail is wagging.",
        "C": "The dogs' tail is wagging.",
        "D": "The dog's tail is wagging."
      },
      "answer": "B"
    },
    {
      "id": 96,
      "question": "Choose the correctly punctuated sentence:",
      "options": {
        "A": "After dinner we went for a walk.",
        "B": "After dinner, we went for a walk.",
        "C": "After dinner, we went, for a walk.",
        "D": "After dinner we went, for a walk."
      },
      "answer": "B"
    },
    {
      "id": 97,
      "question": "Which sentence correctly uses quotation marks?",
      "options": {
        "A": "She said, \"I am ready.\"",
        "B": "She said \"I am ready.\"",
        "C": "She said, I am ready.",
        "D": "She said, I am ready.\""
      },
      "answer": "A"
    },
    {
      "id": 98,
      "question": "Select the correct usage of the word 'their' in context.",
      "options": {
        "A": "Their going to the park.",
        "B": "They're going to the park.",
        "C": "There going to the park.",
        "D": "Their's going to the park."
      },
      "answer": "B"
    },
    {
      "id": 99,
      "question": "Identify the error in the sentence: 'I could of gone if I had known.'",
      "options": {
        "A": "could of",
        "B": "gone",
        "C": "if I had known",
        "D": "no error"
      },
      "answer": "A"
    },
    {
      "id": 100,
      "question": "Choose the correctly structured sentence.",
      "options": {
        "A": "She doesn't like to play football, but she likes basketball.",
        "B": "She don't like to play football, but she likes basketball.",
        "C": "She doesn't like to play football but likes basketball.",
        "D": "She doesn't like to play football, but she don't like basketball."
      },
      "answer": "A"
    }
  ]
}
